name,kitchen_code,category,food_type,confidence,why,ingredients
Aloo & Pea Tikki Cheese Burger (Wheat Burger),sky-bites,quick-bites,veg,low,contains cheese — vegetarian rennet is usual here but is not guaranteed by the name.,"Potato, Green Peas, Corn Flour, Bread Crumb, Salt, Pepper, Oregano Mix, Cheese"
Aloo Channa Chat (White And Black Channa),sky-bites,salads,veg,high,no egg or meat in the name or the ingredient list,"White And Black Channa, Onion, Tomato, Mix Spice, Green Chutney, Tomato Sauce"
Bagels With Cream Cheese,sky-bites,sandwich,veg,low,"contains mayonnaise — eggless mayo is standard in Indian kitchens, but egg mayo exists. Ask the kitchen. contains mayo — eggless mayo is standard in Indian kitchens, but egg mayo exists. Ask the kitchen. contains cheese — vegetarian rennet is usual here but is not guaranteed by the name.","Maida Base Bread, Tomato, Cucumber, Cream Cheese, Salt, Pepper, Mayonnaise"
Banana And Honey Shake,sky-bites,drinks,veg,high,no egg or meat in the name or the ingredient list,"Banana, Milk, Sugar, Ice"
Banana Shake,sky-bites,drinks,veg,low,contains ice cream — some contain egg.,"Banana, milk, sugar, ice cream"
Bhel Puri Salad,sky-bites,salads,veg,high,no egg or meat in the name or the ingredient list,"Bhel, Onion, Tomato, Green Chutney, Saunf Chutney"
Blueberry Muffin,sky-bites,bakery,veg,high,no egg or meat in the name or the ingredient list,"Flour (Maida), Sugar, Baking Powder, Baking Soda, Refined Soybean Oil, Blueberry Filling"
Boiled Egg Mix In Brown Wheat Multigrain Sub Sandwich,sky-bites,sandwich,egg,high,names egg,"Boiled Egg, Cucumber, Parsley, Mayonnaise, Salt, Pepper"
Boiled Eggs (3 pcs),sky-bites,breakfast,egg,high,names eggs,"Eggs, salt"
Brown Wheat Brownie With Choco Sauce,sky-bites,bakery,veg,high,no egg or meat in the name or the ingredient list,"Atta, Sugar, Dark Chocolate, Cocoa Powder, Butter"
Brown Wheat Pasta With Mushroom And Pesto Cream Sauce,sky-bites,continental,veg,low,contains cheese — vegetarian rennet is usual here but is not guaranteed by the name.,"Boiled Pasta, Tomato Sauce, Cheese, White Sauce, Mushroom, Seasoning Mix"
Brown Wheat Pasta With Veg And Tomato Sauce,sky-bites,continental,veg,low,contains cheese — vegetarian rennet is usual here but is not guaranteed by the name.,"Boiled Pasta, Tomato Sauce, Veggies, Cheese"
Brownie Shake,sky-bites,drinks,veg,low,contains ice cream — some contain egg.,"Brownie, milk, chocolate ice cream"
Butter Corn,sky-bites,salads,veg,high,no egg or meat in the name or the ingredient list,"Steamed Corn, Butter"
Carrot And Raisin Cake,sky-bites,bakery,veg,high,no egg or meat in the name or the ingredient list,"Fresh Grated Carrot, Curd, Brown Sugar, Refined Soybean Oil, Maida, Baking Soda"
Chana Rice,sky-bites,meals,veg,high,no egg or meat in the name or the ingredient list,"Chickpeas, rice, onion, tomato gravy"
Cheese Garlic Bread (Maida Bread),sky-bites,quick-bites,veg,low,contains cheese — vegetarian rennet is usual here but is not guaranteed by the name.,"Mozzarella Cheese, Garlic, Butter, Chilli Flakes, Oregano Mix"
Choco Muffin,sky-bites,bakery,veg,high,no egg or meat in the name or the ingredient list,"Flour (Maida), Sugar, Baking Powder, Baking Soda, Refined Soybean Oil, Dark Chocolate"
Chocolate Doughnut,sky-bites,bakery,veg,high,no egg or meat in the name or the ingredient list,"Flour, cocoa, milk, sugar"
Chocolate Muffin,sky-bites,bakery,egg,high,names eggs,"Flour, cocoa powder, milk, eggs"
Chole Masala With Rice /Wheat Prantha /Wheat Atta Kulcha,sky-bites,meals,,unknown,no ingredient list — not guessed from the name alone,
Cold Coffee,sky-bites,drinks,veg,high,no egg or meat in the name or the ingredient list,"Coffee, milk, sugar, ice"
Corn and Cheese Puff,sky-bites,bakery,veg,low,contains cheese — vegetarian rennet is usual here but is not guaranteed by the name.,"Puff pastry, cheese, corn"
Corn And Mix Pepper Salad,sky-bites,salads,veg,low,"contains mayo — eggless mayo is standard in Indian kitchens, but egg mayo exists. Ask the kitchen.","Corn, Mix Capsicum, Mayo, Mustard, Parsley, Salt, Pepper"
Corn and Pepper Sandwich,sky-bites,sandwich,veg,low,contains cheese — vegetarian rennet is usual here but is not guaranteed by the name.,"Bread, corn, capsicum, cheese"
Dal Makhni With Rice/Wheat Prantha,sky-bites,meals,,unknown,no ingredient list — not guessed from the name alone,
Egg Roll (Atta Wrap),sky-bites,quick-bites,egg,high,"names egg, omelette",Egg Omelette With Veggies With Mayo Sauce In Brown Wrap
Egg Sandwich,sky-bites,sandwich,egg,high,"names egg, eggs","Eggs, bread, mayonnaise, butter"
Eggless Brownie,sky-bites,bakery,veg,high,the dish states it is eggless,"Flour, cocoa powder, butter, chocolate"
French Butter Croissant,sky-bites,bakery,veg,low,contains a bread improver — these occasionally carry enzymes of animal origin.,"Maida, Brown Sugar, Salt, Gluten, Improver, Cow Butter, Fresh Cream, Fresh Yeast"
French Toast with Choco Syrup,sky-bites,breakfast,egg,high,names eggs,"Bread, eggs, milk, sugar, chocolate syrup"
Fried Rice With Exotic Veg,sky-bites,meals,,unknown,no ingredient list — not guessed from the name alone,
Fried Rice with Manchurian,sky-bites,meals,veg,high,no egg or meat in the name or the ingredient list,"Rice, vegetables, soy sauce, Manchurian"
Fruit Salad,sky-bites,salads,veg,high,no egg or meat in the name or the ingredient list,Seasonal Fruit
Hot Choco Milk,sky-bites,drinks,,unknown,no ingredient list — not guessed from the name alone,
Hot Chocolate Chocolate,sky-bites,drinks,veg,high,no egg or meat in the name or the ingredient list,"Cocoa powder, milk, sugar"
Hot Coffee,sky-bites,drinks,,unknown,no ingredient list — not guessed from the name alone,
Idli Sambar,sky-bites,breakfast,veg,high,no egg or meat in the name or the ingredient list,"Rice, urad dal, sambar dal, vegetables, spices"
Lemon Ice Tea,sky-bites,drinks,veg,high,no egg or meat in the name or the ingredient list,"Tea, lemon, sugar, ice"
Lemonade,sky-bites,drinks,,unknown,no ingredient list — not guessed from the name alone,
Mango Shake,sky-bites,drinks,veg,low,contains ice cream — some contain egg.,"Mango, milk, sugar, ice cream"
Mango Shake (Seasonal),sky-bites,drinks,,unknown,no ingredient list — not guessed from the name alone,
Masala Corn,sky-bites,salads,veg,high,no egg or meat in the name or the ingredient list,"Steamed Corn, Chat Masala, Butter"
Mexican Style Veg Filling Wrap (Atta Wrap),sky-bites,quick-bites,veg,low,contains cheese — vegetarian rennet is usual here but is not guaranteed by the name.,"Tortilla Wrap, Paneer, Capsicum, Corn, Cheese, Tomato, Onion, Fresh Coriander, Spices"
Mix Veg Poha,sky-bites,breakfast,veg,high,no egg or meat in the name or the ingredient list,"Poha, peas, carrot, onion, turmeric, curry leaves"
Mixed Fruits,sky-bites,quick-bites,veg,high,no egg or meat in the name or the ingredient list,"Banana, apple, orange"
Mushroom Croissant (Maida Base),sky-bites,sandwich,veg,low,contains cheese — vegetarian rennet is usual here but is not guaranteed by the name.,"Mushroom, Cream, Butter, Onion, Garlic, Cheese Spread, Parsley"
Omelette w Toast,sky-bites,breakfast,egg,high,"names egg, eggs, omelette","Eggs, onion, tomato, spices, bread, butter"
Oreo Shake,sky-bites,drinks,veg,low,contains ice cream — some contain egg.,"Oreo cookies, milk, ice cream"
Pain Au Chocolat,sky-bites,bakery,veg,low,contains a bread improver — these occasionally carry enzymes of animal origin.,"Maida, Brown Sugar, Dark Chocolate, Salt, Gluten, Improver, Cow Butter, Fresh Cream, Fresh Yeast"
Pancakes w Honey,sky-bites,breakfast,egg,high,names eggs,"Flour, milk, eggs, sugar, honey"
Paneer Croissant (Maida Base),sky-bites,sandwich,veg,low,"contains mayonnaise — eggless mayo is standard in Indian kitchens, but egg mayo exists. Ask the kitchen. contains mayo — eggless mayo is standard in Indian kitchens, but egg mayo exists. Ask the kitchen. contains cheese — vegetarian rennet is usual here but is not guaranteed by the name.","Paneer Tikka, Mayonnaise, Paprika Powder, Salt, Onion, Cheese Spread"
Paneer Gravy With Rice /Wheat Prantha,sky-bites,meals,,unknown,no ingredient list — not guessed from the name alone,
Paneer Jalferzi Wrap (Atta Wrap),sky-bites,quick-bites,veg,high,no egg or meat in the name or the ingredient list,"Tortilla Wrap, Paneer, Capsicum, Tomato, Onion, Fresh Coriander, Spices"
Paneer Puff,sky-bites,bakery,veg,high,no egg or meat in the name or the ingredient list,"Puff pastry, paneer, spices"
Paneer Sandwich,sky-bites,sandwich,veg,high,no egg or meat in the name or the ingredient list,"Bread, paneer, vegetables, butter"
Paneer Tikka Sandwich In Focaccia Bread,sky-bites,sandwich,veg,low,"contains mayonnaise — eggless mayo is standard in Indian kitchens, but egg mayo exists. Ask the kitchen. contains mayo — eggless mayo is standard in Indian kitchens, but egg mayo exists. Ask the kitchen.","Paneer Tikka, Mayonnaise, Paprika Powder, Salt, Onion, Lettuce"
Paneer Wrap,sky-bites,quick-bites,veg,high,no egg or meat in the name or the ingredient list,"Tortilla/roti, paneer, veggies, sauces"
Peach Ice Tea,sky-bites,drinks,veg,high,no egg or meat in the name or the ingredient list,"Black tea, Peach syrup/puree, Lemon juice, Sugar, Cold water, Ice cubes"
Quinoa Khichdi,sky-bites,meals,veg,high,no egg or meat in the name or the ingredient list,"Quinoa, lentils, vegetables, spices"
Quinoa Salad,sky-bites,salads,veg,high,no egg or meat in the name or the ingredient list,"Boiled Quinoa, Cucumber, Tomato, Coriander, Lemon, Salt, Pepper"
Rajma Rice,sky-bites,meals,veg,high,no egg or meat in the name or the ingredient list,"Kidney beans, rice, tomato gravy"
Rajma With Rice Or Prantha,sky-bites,meals,,unknown,no ingredient list — not guessed from the name alone,
Scrambled Egg w Toast,sky-bites,breakfast,egg,high,"names egg, eggs","Eggs, milk, butter, bread"
Sprouts,sky-bites,salads,veg,high,no egg or meat in the name or the ingredient list,"Moong sprouts, onion, tomato, lemon, salt"
Strawberry Shake,sky-bites,drinks,veg,high,no egg or meat in the name or the ingredient list,"Strawberries, milk, sugar, ice"
Strawberry Shake (Seasonal),sky-bites,drinks,veg,low,contains ice cream — some contain egg.,"Fresh strawberries or strawberry puree, Chilled milk, Vanilla ice cream (optional for creaminess), Sugar, Ice cubes"
Stuffed Paratha,sky-bites,breakfast,veg,high,no egg or meat in the name or the ingredient list,"Wheat flour, potato/paneer, spices, oil"
Tea,sky-bites,drinks,,unknown,no ingredient list — not guessed from the name alone,
Three Beans Salad,sky-bites,salads,veg,high,no egg or meat in the name or the ingredient list,"Beans, Fresh Tomato, Onion, Cucumber, Lemon, Coriander, Salt, Pepper"
"Tomato, Cucumber Cheese Sandwich In Brown Bread",sky-bites,sandwich,veg,low,"contains mayonnaise — eggless mayo is standard in Indian kitchens, but egg mayo exists. Ask the kitchen. contains mayo — eggless mayo is standard in Indian kitchens, but egg mayo exists. Ask the kitchen. contains cheese — vegetarian rennet is usual here but is not guaranteed by the name.","Fresh Tomato, Cucumber, Mayonnaise, Cheese Slice, Salt, Pepper"
Vada Pao (Atta Base Bread),sky-bites,quick-bites,veg,high,no egg or meat in the name or the ingredient list,"Potato, Turmeric, Chili Powder, Curry Leaves, Fresh Coriander, Mustard Seed, Oil"
Veg and Cheese Sandwich,sky-bites,sandwich,veg,low,contains cheese — vegetarian rennet is usual here but is not guaranteed by the name.,"Bread, vegetables, cheese, butter"
Veg Chilly Puff (Maida),sky-bites,quick-bites,veg,high,no egg or meat in the name or the ingredient list,"Maida, Salt, Margarine, Butter (Potato Filling)"
Veg Hot Dog,sky-bites,quick-bites,veg,high,no egg or meat in the name or the ingredient list,"Hot dog bun, veggie patty, sauces"
Veg Manchurian With Fried Rice,sky-bites,meals,,unknown,no ingredient list — not guessed from the name alone,
Veg Sandwich In Brown Bread,sky-bites,sandwich,veg,low,"contains mayo — eggless mayo is standard in Indian kitchens, but egg mayo exists. Ask the kitchen. contains cheese — vegetarian rennet is usual here but is not guaranteed by the name.","Capsicum, Corn, Broccoli, Mayo, Cheese Slice, Oregano Mix, Salt, Pepper"
Veggie Wrap,sky-bites,quick-bites,veg,high,no egg or meat in the name or the ingredient list,"Roti, lettuce, cucumber, carrot, sauces"
Wheat Jaggery Cake,sky-bites,bakery,veg,high,no egg or meat in the name or the ingredient list,"Ashirwad Atta, Jaggery, Curd, Baking Soda, Refined Soybean Oil"
